{"train_loss":6.746203757833816,"train_accuracy":0.67375,"_timestamp":1.7277874566957788e+09,"_runtime":4.810857154,"_step":99,"_wandb":{"runtime":4},"epoch":100}