{"_step":199,"_timestamp":1.72793841120822e+09,"_wandb":{"runtime":2},"val_accuracy":0.4517543859649123,"val_f1_score":0.10372608257804632,"epoch":100,"_runtime":2.719622731,"val_precision":0.07529239766081872,"val_loss":0.1125550922396342,"val_recall":0.16666666666666666,"train_loss":0.10908131402415241}