{"_runtime":4.624228342,"_step":399,"val_accuracy":0,"train_loss":22.17375,"epoch":200,"_timestamp":1.7278457222269354e+09,"_wandb":{"runtime":4},"val_loss":22.605263157894736,"train_accuracy":0}