{"val_accuracy":0,"train_accuracy":0,"_timestamp":1.7277913462141163e+09,"_runtime":7.379356972,"_step":0,"_wandb":{"runtime":7}}