{"_timestamp":1.7278456741451895e+09,"_step":399,"epoch":200,"train_accuracy":0,"val_accuracy":0,"_runtime":4.911624155,"train_loss":22.17375,"val_loss":22.605263157894736,"_wandb":{"runtime":4}}