{"_step":199,"_timestamp":1.7279384637592287e+09,"val_precision":0.29580745341614906,"val_recall":0.2719138562425481,"_runtime":1.483124416,"_wandb":{"runtime":1},"val_accuracy":0.6052631578947368,"val_loss":0.08883099276098746,"train_loss":0.09098570642987922,"epoch":100,"val_f1_score":0.2833578518024219}