{"val_accuracy":0.4517543859649123,"_runtime":8.624495135,"_step":399,"val_precision":0.07529239766081872,"val_recall":0.16666666666666666,"epoch":200,"_timestamp":1.7279395695333645e+09,"val_loss":0.10890932490120682,"val_f1_score":0.10372608257804632,"_wandb":{"runtime":8},"train_loss":0.10792533917000512}