{"val_loss":0.10879760628088729,"val_accuracy":0.4517543859649123,"_runtime":7.778113181,"_wandb":{"runtime":7},"_step":399,"train_loss":0.10772065238768813,"val_f1_score":0.10372608257804632,"val_recall":0.16666666666666666,"val_precision":0.07529239766081872,"_timestamp":1.7279396170857594e+09,"epoch":200}