{"val_accuracy":0.543859649122807,"train_accuracy":0.9,"val_loss":0.6842105263157895,"_wandb":{"runtime":4},"_timestamp":1.7278455666152143e+09,"train_loss":0.1,"_runtime":4.754036115,"_step":399,"epoch":200}