{"train_loss":0.10792489676676487,"_runtime":3.142324622,"epoch":100,"_wandb":{"runtime":3},"val_loss":0.10890879573667718,"val_accuracy":0.4517543859649123,"_step":199,"val_f1_score":0.10372608257804632,"_timestamp":1.727938590133327e+09,"val_recall":0.16666666666666666,"val_precision":0.07529239766081872}