{"_step":199,"train_loss":0.10792489676676487,"_wandb":{"runtime":5},"_runtime":5.715846168,"epoch":100,"_timestamp":1.7279391153907773e+09,"val_loss":0.10890879573667718,"val_recall":0.16666666666666666,"val_accuracy":0.4517543859649123,"val_precision":0.07529239766081872,"val_f1_score":0.10372608257804632}