{"val_f1_score":0.10372608257804632,"_runtime":3.454974276,"epoch":100,"_wandb":{"runtime":3},"val_recall":0.16666666666666666,"train_loss":0.10677402648725215,"_timestamp":1.7279386011836145e+09,"val_loss":0.10845793636182827,"_step":199,"val_accuracy":0.4517543859649123,"val_precision":0.07529239766081872}