{"_wandb":{"runtime":5},"train_accuracy":0.67375,"_timestamp":1.72778846658838e+09,"_runtime":5.181872194,"_step":99,"epoch":100,"train_loss":6.746203757833816}