{"train_loss":0.10895016371320708,"_timestamp":1.7278794323856142e+09,"val_loss":0.10953956107232908,"_runtime":5.074592005,"_wandb":{"runtime":5},"train_accuracy":0.42375,"val_accuracy":0.4517543859649123,"epoch":200,"_step":399}