{"val_loss":0.08742010697173601,"_runtime":1.4649762100000001,"_step":199,"_timestamp":1.7279394714391465e+09,"_wandb":{"runtime":1},"epoch":100,"val_f1_score":0.2864003144198883,"val_recall":0.276987523420201,"val_accuracy":0.6140350877192983,"train_loss":0.09098030738141691,"val_precision":0.2964753550543024}