{"val_recall":0.16666666666666666,"val_f1_score":0.10372608257804632,"epoch":200,"train_loss":0.10772065238768813,"val_loss":0.10879760628088729,"val_precision":0.07529239766081872,"_timestamp":1.727938016208518e+09,"val_accuracy":0.4517543859649123,"_wandb":{"runtime":6},"_runtime":6.68892319,"_step":399}