{"epoch":200,"val_f1_score":0.2832768599527154,"_step":399,"_runtime":2.526669377,"val_precision":0.29843048094744445,"train_loss":0.0867191206711592,"_timestamp":1.7279389506640706e+09,"val_accuracy":0.6052631578947368,"val_recall":0.2695878044626128,"val_loss":0.08892673090752364,"_wandb":{"runtime":2}}