{"_timestamp":1.7279395216073291e+09,"val_accuracy":0.4517543859649123,"_runtime":4.389215272,"val_precision":0.07529239766081872,"_wandb":{"runtime":4},"val_f1_score":0.10372608257804632,"val_recall":0.16666666666666666,"epoch":200,"val_loss":0.10924856040574002,"_step":399,"train_loss":0.10850088544550922}