{"train_loss":0.10726424471449789,"val_recall":0.16666666666666666,"epoch":100,"_timestamp":1.7279396399320767e+09,"val_accuracy":0.4517543859649123,"val_f1_score":0.10372608257804632,"_step":199,"_wandb":{"runtime":3},"_runtime":3.925728689,"val_precision":0.07529239766081872,"val_loss":0.10808280176081385}