{"_step":199,"_timestamp":1.7279383733045166e+09,"val_precision":0.2757230116072115,"_wandb":{"runtime":2},"train_loss":0.09094749412117874,"val_accuracy":0.5833333333333334,"val_recall":0.26517203202180206,"epoch":100,"val_loss":0.08812344811630379,"_runtime":2.123678012,"val_f1_score":0.270344615371267}