{"val_loss":22.605263157894736,"val_accuracy":0,"_wandb":{"runtime":2},"_timestamp":1.727845650650198e+09,"train_accuracy":0,"train_loss":22.17375,"_step":199,"epoch":100,"_runtime":2.920658974}