{"epoch":100,"_wandb":{"runtime":3},"_timestamp":1.7278456990090723e+09,"val_loss":22.605263157894736,"val_accuracy":0,"_step":199,"train_loss":22.17375,"_runtime":3.013427887,"train_accuracy":0}