{"val_precision":0.3069882445167547,"val_accuracy":0.6228070175438597,"val_f1_score":0.2945145941572684,"_wandb":{"runtime":2},"_runtime":2.544828487,"_step":199,"train_loss":0.08748581833660399,"_timestamp":1.727939579611611e+09,"val_loss":0.08559153502542449,"epoch":100,"val_recall":0.28301503151081586}