{"_runtime":4.046485553,"_timestamp":1.7279379383844492e+09,"train_loss":0.08840345642539169,"val_f1_score":0.2799271158618549,"_step":199,"val_recall":0.2737512774655084,"epoch":100,"val_accuracy":0.6052631578947368,"val_precision":0.2863880400645107,"val_loss":0.08615068631915222,"_wandb":{"runtime":4}}