{"_timestamp":1.7279389183675525e+09,"val_f1_score":0.10372608257804632,"_step":199,"val_accuracy":0.4517543859649123,"val_precision":0.07529239766081872,"val_recall":0.16666666666666666,"train_loss":0.10913022698575298,"epoch":100,"val_loss":0.10956110228935961,"_runtime":2.992117578,"_wandb":{"runtime":2}}