{"_wandb":{"runtime":3},"val_accuracy":0.3508771929824561,"val_precision":0.05847953216374269,"epoch":200,"_step":399,"train_loss":0.13670875920250417,"val_f1_score":0.08658008658008658,"_runtime":3.486392882,"val_loss":0.14232447382448773,"val_recall":0.16666666666666666,"_timestamp":1.7279385570501235e+09}