{"val_accuracy":0.4517543859649123,"_wandb":{"runtime":4},"_runtime":4.587287259,"train_loss":0.10850089836154742,"epoch":200,"_step":399,"train_accuracy":0.42375,"_timestamp":1.7278794802100348e+09,"val_loss":0.1092485750814244}