{"val_recall":0.2742164878214955,"val_accuracy":0.6052631578947368,"val_f1_score":0.28390767007971707,"val_precision":0.29430894707433514,"_wandb":{"runtime":2},"_timestamp":1.7279390851286776e+09,"_step":199,"val_loss":0.08623697619178743,"train_loss":0.0884541056279343,"epoch":100,"_runtime":2.164893897}