{"val_accuracy":0,"_timestamp":1.72784426448772e+09,"_runtime":2.407800435,"_step":0,"_wandb":{"runtime":2}}