{"epoch":200,"val_recall":0.2809018906489525,"val_accuracy":0.6008771929824561,"train_loss":0.08510638848450301,"_runtime":2.284218033,"_step":399,"val_loss":0.08816223121973252,"_timestamp":1.7279390356052394e+09,"_wandb":{"runtime":2},"val_f1_score":0.28478870668022443,"val_precision":0.288784595034595}