{"_runtime":2.646843348,"_timestamp":1.727879601350417e+09,"epoch":100,"val_accuracy":0.4517543859649123,"train_loss":0.10726633160654546,"val_loss":0.10808285798650769,"train_accuracy":0.42375,"_wandb":{"runtime":2},"_step":199}