{"_timestamp":1.7279379086183333e+09,"val_precision":0.07529239766081872,"val_loss":0.10924855545749608,"val_recall":0.16666666666666666,"_step":199,"train_loss":0.10850088495646612,"val_f1_score":0.10372608257804632,"epoch":100,"_runtime":2.098147501,"val_accuracy":0.4517543859649123,"_wandb":{"runtime":2}}