{"val_f1_score":0.2832768599527154,"_runtime":2.402518025,"val_recall":0.2695878044626128,"_step":399,"val_precision":0.29843048094744445,"val_loss":0.08892673090752364,"train_loss":0.0867191206711592,"val_accuracy":0.6052631578947368,"_timestamp":1.7279384216280582e+09,"epoch":200,"_wandb":{"runtime":2}}