{"_wandb":{"runtime":3},"train_loss":0.08510638848450301,"_runtime":3.040471446,"_step":399,"val_recall":0.2809018906489525,"val_loss":0.08816223121973252,"epoch":200,"val_accuracy":0.6008771929824561,"val_precision":0.288784595034595,"_timestamp":1.727938511970353e+09,"val_f1_score":0.28478870668022443}