{"epoch":200,"_runtime":3.444120739,"_wandb":{"runtime":3},"val_loss":0.08808143418370425,"_step":399,"train_loss":0.08264888265913319,"val_accuracy":0.6140350877192983,"train_accuracy":0.645,"_timestamp":1.7278794682412045e+09}