{"_runtime":9.161266461,"_step":0,"val_accuracy":0,"train_accuracy":0,"_wandb":{"runtime":9},"_timestamp":1.727791404624242e+09}