{"train_loss":0.10676328414090541,"_runtime":2.202265029,"val_loss":0.10844596380750837,"val_f1_score":0.10372608257804632,"val_recall":0.16666666666666666,"val_accuracy":0.4517543859649123,"_wandb":{"runtime":2},"val_precision":0.07529239766081872,"epoch":100,"_step":199,"_timestamp":1.7279391008811586e+09}