{"train_loss":0.09180406783931301,"train_accuracy":0.59875,"_timestamp":1.7278793969861565e+09,"val_accuracy":0.5745614035087719,"val_loss":0.0894030385523227,"epoch":100,"_runtime":2.201144901,"_wandb":{"runtime":2},"_step":199}