{"epoch":200,"val_accuracy":0.4517543859649123,"val_precision":0.07529239766081872,"train_loss":0.10850091164899624,"val_f1_score":0.10372608257804632,"val_recall":0.16666666666666666,"_timestamp":1.7279390557461445e+09,"val_loss":0.10924858971661634,"_wandb":{"runtime":4},"_runtime":4.8224096880000005,"_step":399}