{"epoch":200,"_runtime":5.861318826,"val_recall":0.16666666666666666,"val_loss":0.10890932490120682,"val_accuracy":0.4517543859649123,"val_precision":0.07529239766081872,"_timestamp":1.7279379723822336e+09,"_step":399,"val_f1_score":0.10372608257804632,"_wandb":{"runtime":5},"train_loss":0.10792533917000512}