{"train_loss":554.3758817253031,"_wandb":{"runtime":14},"val_accuracy":0,"_step":199,"val_loss":22.606551351177444,"_runtime":14.028734039,"epoch":100,"train_accuracy":0,"_timestamp":1.727791757505166e+09}