{"val_accuracy":0.4517543859649123,"epoch":200,"val_recall":0.16666666666666666,"val_precision":0.07529239766081872,"_wandb":{"runtime":4},"val_f1_score":0.10372608257804632,"_step":399,"train_loss":0.10707469422714219,"_timestamp":1.7279380579130373e+09,"val_loss":0.10807807184368602,"_runtime":4.314899111}