{"train_loss":0.10707469422714219,"val_accuracy":0.4517543859649123,"val_precision":0.07529239766081872,"val_f1_score":0.10372608257804632,"_timestamp":1.727939651205895e+09,"_runtime":4.505731878,"val_loss":0.10807807184368602,"epoch":200,"_step":399,"_wandb":{"runtime":4},"val_recall":0.16666666666666666}