{"train_loss":0.10850088295554818,"val_accuracy":0.4517543859649123,"val_recall":0.16666666666666666,"_wandb":{"runtime":1},"val_loss":0.10924855382509624,"_step":199,"val_precision":0.07529239766081872,"_timestamp":1.727938488318888e+09,"val_f1_score":0.10372608257804632,"epoch":100,"_runtime":1.974611069}