{"_runtime":7.912827528,"val_accuracy":0,"epoch":200,"train_accuracy":0,"_step":399,"train_loss":22.17375,"_timestamp":1.7278457364693446e+09,"val_loss":22.605263157894736,"_wandb":{"runtime":7}}