{"train_loss":0.10707188657008108,"val_f1_score":0.10372608257804632,"val_loss":0.10808068887210136,"_runtime":7.332646498,"val_accuracy":0.4517543859649123,"_wandb":{"runtime":7},"val_recall":0.16666666666666666,"_timestamp":1.727938071634823e+09,"_step":399,"val_precision":0.07529239766081872,"epoch":200}