{"_step":199,"val_accuracy":0.4517543859649123,"val_recall":0.16666666666666666,"_timestamp":1.727939019761627e+09,"val_loss":0.10838068588392145,"epoch":100,"_runtime":1.733706674,"train_loss":0.10683495217946884,"_wandb":{"runtime":1},"val_f1_score":0.10372608257804632,"val_precision":0.07529239766081872}