{"_step":0,"val_accuracy":0.5964912280701754,"_wandb":{"runtime":7},"train_accuracy":0.67375,"_timestamp":1.7277913602969167e+09,"_runtime":7.616822198}