{"_timestamp":1.7278442437286682e+09,"_wandb":{"runtime":1},"_runtime":1.905890627,"_step":0,"val_accuracy":0.4780701754385965}