{"val_accuracy":0.4517543859649123,"epoch":200,"train_loss":0.10910683993954254,"_wandb":{"runtime":4},"_timestamp":1.727939463542121e+09,"_runtime":4.451254652,"val_f1_score":0.10372608257804632,"val_precision":0.07529239766081872,"_step":399,"val_loss":0.10958795119825833,"val_recall":0.16666666666666666}