{"val_precision":0.07529239766081872,"train_loss":0.10792486588177534,"_timestamp":1.7279379486962066e+09,"val_f1_score":0.10372608257804632,"epoch":100,"_runtime":3.578886303,"val_accuracy":0.4517543859649123,"_step":199,"val_loss":0.10890900816380021,"_wandb":{"runtime":3},"val_recall":0.16666666666666666}