{"_runtime":12.89817155,"epoch":100,"_step":199,"_timestamp":1.7277916817923849e+09,"train_loss":554.3492897072274,"val_accuracy":0,"train_accuracy":0,"_wandb":{"runtime":12},"val_loss":22.605485563377794}