{"train_accuracy":0.40625,"_timestamp":1.7277911340718293e+09,"_runtime":0.8264767,"_step":0,"epoch":1,"_wandb":{"runtime":0},"train_loss":112.16633438738491}