{"_step":399,"val_f1_score":0.2837013707766412,"val_accuracy":0.6096491228070176,"epoch":200,"train_loss":0.08595410633000923,"val_precision":0.29205627705627707,"_timestamp":1.7279378722762847e+09,"val_recall":0.2758111905978538,"val_loss":0.08823765141703688,"_runtime":2.535501642,"_wandb":{"runtime":2}}