{"_step":199,"val_f1_score":0.10372608257804632,"_timestamp":1.7279385792562103e+09,"val_recall":0.16666666666666666,"train_loss":0.10676328414090541,"_runtime":3.181186104,"_wandb":{"runtime":3},"epoch":100,"val_accuracy":0.4517543859649123,"val_precision":0.07529239766081872,"val_loss":0.10844596380750837}