{"train_loss":0.10908131402415241,"_step":199,"val_f1_score":0.10372608257804632,"_wandb":{"runtime":2},"epoch":100,"_timestamp":1.7279389396693835e+09,"_runtime":2.626725118,"val_accuracy":0.4517543859649123,"val_loss":0.1125550922396342,"val_recall":0.16666666666666666,"val_precision":0.07529239766081872}