{"_runtime":5.249212239,"_wandb":{"runtime":5},"train_accuracy":0.42375,"val_loss":0.10890860186755676,"_step":199,"epoch":100,"train_loss":0.10792474016956412,"_timestamp":1.7278795022885733e+09,"val_accuracy":0.4517543859649123}