{"val_accuracy":0.5614035087719298,"_wandb":{"runtime":2},"train_loss":0.3825,"val_loss":0.5175438596491229,"_timestamp":1.7278455329621499e+09,"_runtime":2.558794617,"train_accuracy":0.67375,"_step":199,"epoch":100}