{"train_loss":554.3723658986598,"_runtime":13.915387309,"_timestamp":1.727791776193881e+09,"_step":199,"val_loss":22.60641202667546,"train_accuracy":0,"_wandb":{"runtime":13},"val_accuracy":0,"epoch":100}