{"_timestamp":1.7279379796457691e+09,"val_f1_score":0.2945145941572684,"val_loss":0.08559153502542449,"val_recall":0.28301503151081586,"_runtime":2.489071482,"_step":199,"val_precision":0.3069882445167547,"train_loss":0.08748581833660399,"val_accuracy":0.6228070175438597,"_wandb":{"runtime":2},"epoch":100}