{"_step":399,"train_loss":0.10471982184988982,"val_recall":0.17916666666666667,"_timestamp":1.7279389613863018e+09,"_runtime":2.440001607,"val_accuracy":0.4780701754385965,"val_precision":0.13054980446284795,"_wandb":{"runtime":2},"epoch":200,"val_loss":0.10595173284615184,"val_f1_score":0.1510424887271332}