{"val_precision":0.07529239766081872,"_timestamp":1.727938997857069e+09,"val_f1_score":0.10372608257804632,"train_loss":0.1067864391571817,"val_loss":0.1083715101422929,"epoch":100,"_wandb":{"runtime":1},"_runtime":1.492590559,"val_accuracy":0.4517543859649123,"val_recall":0.16666666666666666,"_step":199}