{"val_loss":0.08901068641177566,"epoch":200,"_wandb":{"runtime":3},"_timestamp":1.7278794200883188e+09,"val_accuracy":0.6052631578947368,"_step":399,"_runtime":3.553362612,"train_loss":0.08618157904402729,"train_accuracy":0.625}