{"val_f1_score":0.08658008658008658,"_step":399,"val_recall":0.16666666666666666,"train_loss":0.13688721648162877,"val_precision":0.05847953216374269,"epoch":200,"_runtime":3.875758722,"val_accuracy":0.3508771929824561,"val_loss":0.14234040674867174,"_timestamp":1.7279389842644494e+09,"_wandb":{"runtime":3}}