{"val_loss":22.605263157894736,"epoch":200,"_runtime":8.474245519,"train_loss":22.17375,"_wandb":{"runtime":8},"train_accuracy":0,"val_accuracy":0,"_timestamp":1.7278456885506804e+09,"_step":399}