{"val_accuracy":0,"train_accuracy":0,"_timestamp":1.7277913326509678e+09,"_runtime":9.892315086,"_step":0,"_wandb":{"runtime":9}}