{"epoch":200,"_wandb":{"runtime":5},"_step":399,"train_loss":0.13670875920250417,"_runtime":5.6885888510000004,"val_recall":0.16666666666666666,"val_precision":0.05847953216374269,"val_accuracy":0.3508771929824561,"val_loss":0.14232447382448773,"val_f1_score":0.08658008658008658,"_timestamp":1.7279390772298567e+09}