{"_step":199,"_wandb":{"runtime":16},"_timestamp":1.7277917059490316e+09,"val_accuracy":0,"_runtime":16.007409269,"train_accuracy":0,"val_loss":22.60543025887172,"epoch":100,"train_loss":554.3479132063935}