{"val_accuracy":0.4517543859649123,"val_loss":0.10879744421016582,"val_f1_score":0.10372608257804632,"val_precision":0.07529239766081872,"_runtime":3.532244152,"_step":199,"epoch":100,"_wandb":{"runtime":3},"train_loss":0.1077204122457993,"val_recall":0.16666666666666666,"_timestamp":1.727937991477699e+09}