{"val_precision":0.289671790276629,"_timestamp":1.7279379594949625e+09,"train_loss":0.08707350571507391,"val_recall":0.289896312382899,"val_f1_score":0.2897840078403311,"_wandb":{"runtime":3},"_runtime":3.696571565,"val_loss":0.08619161185697291,"_step":399,"epoch":200,"val_accuracy":0.6140350877192983}