{"_wandb":{"runtime":4},"val_accuracy":0.5877192982456141,"train_accuracy":0.66125,"_timestamp":1.727791316767193e+09,"_runtime":4.40316463,"_step":0}