{"_wandb":{"runtime":7},"epoch":100,"val_loss":0.3846904086590988,"_runtime":7.449240856,"train_loss":8.432956976640597,"_timestamp":1.7277917172325404e+09,"train_accuracy":0.67375,"val_accuracy":0.5964912280701754,"_step":199}