{"val_f1_score":0.270344615371267,"_timestamp":1.7279378501177468e+09,"train_loss":0.09094749412117874,"val_loss":0.08812344811630379,"_wandb":{"runtime":1},"epoch":100,"_runtime":1.9756471009999999,"val_recall":0.26517203202180206,"val_accuracy":0.5833333333333334,"val_precision":0.2757230116072115,"_step":199}