{"val_f1_score":0.10372608257804632,"val_accuracy":0.4517543859649123,"_timestamp":1.7279378611308906e+09,"_runtime":2.289137152,"_step":199,"val_loss":0.1095879512255897,"epoch":100,"val_precision":0.07529239766081872,"val_recall":0.16666666666666666,"_wandb":{"runtime":2},"train_loss":0.10910683993954254}