{"_runtime":4.151714525,"val_loss":22.605263157894736,"val_accuracy":0,"epoch":100,"_timestamp":1.7278457109809792e+09,"_step":199,"train_loss":22.17375,"train_accuracy":0,"_wandb":{"runtime":4}}