{"train_loss":0.09098570642987922,"_step":199,"val_loss":0.08883099276098746,"_runtime":1.336676091,"val_recall":0.2719138562425481,"epoch":100,"_timestamp":1.7279389923749878e+09,"val_precision":0.29580745341614906,"val_f1_score":0.2833578518024219,"_wandb":{"runtime":1},"val_accuracy":0.6052631578947368}