{"epoch":200,"val_accuracy":0.4517543859649123,"val_loss":0.10890885250697095,"_wandb":{"runtime":9},"_runtime":9.300798056,"_step":399,"_timestamp":1.7278795279232256e+09,"train_loss":0.10792506348491443,"train_accuracy":0.42375}