{"train_loss":0.08409878801866758,"_wandb":{"runtime":2},"val_recall":0.27698113609265884,"val_f1_score":0.28370759376121735,"_timestamp":1.7279379153693511e+09,"val_loss":0.0869136696694687,"_runtime":2.5662355310000002,"_step":399,"val_accuracy":0.5964912280701754,"val_precision":0.29076888546877,"epoch":200}