{"_wandb":{"runtime":3},"_timestamp":1.72793889096095e+09,"val_loss":0.08812344811630379,"val_f1_score":0.270344615371267,"_runtime":3.080180477,"_step":199,"val_precision":0.2757230116072115,"val_recall":0.26517203202180206,"val_accuracy":0.5833333333333334,"epoch":100,"train_loss":0.09094749412117874}