{"_runtime":1.7641077109999999,"train_loss":0.10678129571927605,"val_f1_score":0.10372608257804632,"_wandb":{"runtime":1},"_timestamp":1.727938901827605e+09,"val_recall":0.16666666666666666,"val_loss":0.10838772543514022,"epoch":100,"val_accuracy":0.4517543859649123,"val_precision":0.07529239766081872,"_step":199}