{"_runtime":3.592635406,"_wandb":{"runtime":3},"val_loss":0.5877192982456141,"train_accuracy":0.82375,"val_accuracy":0.5833333333333334,"_step":399,"epoch":200,"train_loss":0.17625,"_timestamp":1.7278456193986485e+09}