{"_timestamp":1.7279396653702984e+09,"_runtime":7.947315956,"train_loss":0.10707188657008108,"val_recall":0.16666666666666666,"_wandb":{"runtime":7},"epoch":200,"val_accuracy":0.4517543859649123,"val_precision":0.07529239766081872,"_step":399,"val_loss":0.10808068887210136,"val_f1_score":0.10372608257804632}