{"val_precision":0.289671790276629,"_runtime":6.195707342,"epoch":200,"val_recall":0.289896312382899,"_timestamp":1.727939556337476e+09,"val_loss":0.08619161185697291,"val_accuracy":0.6140350877192983,"val_f1_score":0.2897840078403311,"train_loss":0.08707350571507391,"_step":399,"_wandb":{"runtime":6}}