{"val_accuracy":0.4517543859649123,"_wandb":{"runtime":3},"val_loss":0.10958795119825833,"train_loss":0.10910683993954254,"val_f1_score":0.10372608257804632,"_timestamp":1.7279378841696856e+09,"_runtime":3.729609596,"epoch":200,"_step":399,"val_recall":0.16666666666666666,"val_precision":0.07529239766081872}