{"val_loss":0.10595173284615184,"_runtime":2.637060683,"_step":399,"val_f1_score":0.1510424887271332,"val_recall":0.17916666666666667,"train_loss":0.10471982184988982,"_wandb":{"runtime":2},"epoch":200,"val_accuracy":0.4780701754385965,"_timestamp":1.7279384326023831e+09,"val_precision":0.13054980446284795}