{"val_recall":0.16666666666666666,"val_loss":0.1083034329076485,"val_accuracy":0.4517543859649123,"_wandb":{"runtime":2},"_step":399,"train_loss":0.10689985593491341,"epoch":200,"val_f1_score":0.10372608257804632,"val_precision":0.07529239766081872,"_timestamp":1.7279390428634274e+09,"_runtime":2.626741086}