{"train_accuracy":0.66625,"_timestamp":1.7277913760184038e+09,"_runtime":8.788733523,"_step":0,"_wandb":{"runtime":8},"val_accuracy":0.5877192982456141}