{"epoch":200,"_timestamp":1.7279384444505272e+09,"train_loss":0.10895016371320708,"val_precision":0.07529239766081872,"val_accuracy":0.4517543859649123,"_step":399,"_wandb":{"runtime":3},"_runtime":3.614163589,"val_f1_score":0.10372608257804632,"val_loss":0.10953956107232908,"val_recall":0.16666666666666666}