{"_runtime":6.968616803,"val_accuracy":0.6271929824561403,"_wandb":{"runtime":6},"train_loss":0.03875,"val_loss":0.4649122807017544,"epoch":200,"train_accuracy":0.96125,"_step":399,"_timestamp":1.7278455801313183e+09}