{"val_f1_score":0.10372608257804632,"val_accuracy":0.4517543859649123,"_step":199,"val_recall":0.16666666666666666,"train_loss":0.10850088495646612,"_runtime":2.395207822,"_timestamp":1.7279394874863436e+09,"epoch":100,"val_loss":0.10924855545749608,"_wandb":{"runtime":2},"val_precision":0.07529239766081872}