{"_step":0,"val_accuracy":0.3508771929824561,"epoch":1,"train_loss":0.78625,"_wandb":{"runtime":0},"train_accuracy":0.40625,"_timestamp":1.7278454687310185e+09,"_runtime":0.561656416}