{"val_recall":0.28805889115993866,"val_f1_score":0.2882889090464123,"_timestamp":1.7279396035647502e+09,"val_loss":0.0855267611083457,"val_precision":0.2885192945695827,"val_accuracy":0.6140350877192983,"_wandb":{"runtime":4},"_step":399,"epoch":200,"train_loss":0.08641951972740633,"_runtime":4.995484467}