{"val_precision":0.29205627705627707,"_timestamp":1.7279394513581e+09,"train_loss":0.08595410633000923,"val_accuracy":0.6096491228070176,"epoch":200,"_step":399,"_runtime":2.937916286,"val_recall":0.2758111905978538,"_wandb":{"runtime":2},"val_loss":0.08823765141703688,"val_f1_score":0.2837013707766412}