{"_runtime":4.305523711,"_timestamp":1.7278456627582989e+09,"val_loss":22.605263157894736,"_wandb":{"runtime":4},"train_accuracy":0,"_step":199,"val_accuracy":0,"train_loss":22.17375,"epoch":100}