{"_timestamp":1.7277913895082386e+09,"_runtime":7.18329078,"_step":0,"_wandb":{"runtime":7},"val_accuracy":0,"train_accuracy":0}