{"train_accuracy":0.67375,"_timestamp":1.7277913035549269e+09,"_runtime":4.181635495,"_step":0,"_wandb":{"runtime":4},"val_accuracy":0.5614035087719298}