{"val_f1_score":0.10372608257804632,"val_recall":0.16666666666666666,"val_precision":0.07529239766081872,"_wandb":{"runtime":1},"epoch":100,"_step":199,"_runtime":1.828357706,"val_loss":0.10924855382509624,"train_loss":0.10850088295554818,"_timestamp":1.7279390136115496e+09,"val_accuracy":0.4517543859649123}