{"_wandb":{"runtime":1},"train_loss":0.10678129571927605,"val_f1_score":0.10372608257804632,"val_accuracy":0.4517543859649123,"epoch":100,"val_recall":0.16666666666666666,"_runtime":1.958295593,"_step":199,"val_loss":0.10838772543514022,"_timestamp":1.7279383838715723e+09,"val_precision":0.07529239766081872}