{"epoch":100,"train_loss":0.1067864391571817,"_wandb":{"runtime":1},"_step":199,"val_recall":0.16666666666666666,"_runtime":1.420413705,"val_accuracy":0.4517543859649123,"_timestamp":1.7279384788380907e+09,"val_f1_score":0.10372608257804632,"val_precision":0.07529239766081872,"val_loss":0.1083715101422929}