{"_step":199,"train_loss":0.10683495217946884,"_wandb":{"runtime":1},"val_precision":0.07529239766081872,"val_f1_score":0.10372608257804632,"epoch":100,"val_loss":0.10838068588392145,"_timestamp":1.7279385043676207e+09,"_runtime":1.848454436,"val_accuracy":0.4517543859649123,"val_recall":0.16666666666666666}