{"_timestamp":1.7279394283664804e+09,"epoch":100,"val_accuracy":0.5833333333333334,"_wandb":{"runtime":1},"val_precision":0.2757230116072115,"train_loss":0.09094749412117874,"val_f1_score":0.270344615371267,"val_loss":0.08812344811630379,"val_recall":0.26517203202180206,"_runtime":1.639783051,"_step":199}