{"_runtime":2.536758476,"_wandb":{"runtime":2},"epoch":100,"val_accuracy":0.4517543859649123,"val_recall":0.16666666666666666,"val_loss":0.1095879512255897,"val_precision":0.07529239766081872,"val_f1_score":0.10372608257804632,"train_loss":0.10910683993954254,"_timestamp":1.7279394401384156e+09,"_step":199}