{"_step":399,"val_f1_score":0.10372608257804632,"val_recall":0.16666666666666666,"_wandb":{"runtime":3},"val_precision":0.07529239766081872,"val_accuracy":0.4517543859649123,"_timestamp":1.7279379274324703e+09,"_runtime":3.907776139,"val_loss":0.10924856040574002,"train_loss":0.10850088544550922,"epoch":200}