{"_step":199,"val_recall":0.16666666666666666,"_wandb":{"runtime":2},"val_loss":0.10808298951129128,"_runtime":2.273079264,"train_loss":0.10726652328687085,"_timestamp":1.7279396275811658e+09,"val_accuracy":0.4517543859649123,"val_f1_score":0.10372608257804632,"val_precision":0.07529239766081872,"epoch":100}