{"_step":199,"val_loss":0.08742010697173601,"train_loss":0.09098030738141691,"_wandb":{"runtime":1},"val_accuracy":0.6140350877192983,"_runtime":1.337552665,"val_recall":0.276987523420201,"_timestamp":1.7279378928024042e+09,"val_f1_score":0.2864003144198883,"epoch":100,"val_precision":0.2964753550543024}