{"epoch":100,"val_f1_score":0.10372608257804632,"val_precision":0.07529239766081872,"_runtime":3.256608589,"val_loss":0.10879744421016582,"_wandb":{"runtime":3},"_step":199,"_timestamp":1.7279395908484042e+09,"train_loss":0.1077204122457993,"val_recall":0.16666666666666666,"val_accuracy":0.4517543859649123}