{"val_loss":0.10808298951129128,"_timestamp":1.7279380334270787e+09,"_wandb":{"runtime":3},"epoch":100,"val_accuracy":0.4517543859649123,"val_recall":0.16666666666666666,"val_f1_score":0.10372608257804632,"val_precision":0.07529239766081872,"_runtime":3.165044542,"_step":199,"train_loss":0.10726652328687085}