{"val_loss":0.0855267611083457,"_wandb":{"runtime":3},"_step":399,"epoch":200,"_timestamp":1.727938002295259e+09,"train_loss":0.08641951972740633,"val_precision":0.2885192945695827,"_runtime":3.517184235,"val_f1_score":0.2882889090464123,"val_accuracy":0.6140350877192983,"val_recall":0.28805889115993866}