{"_timestamp":1.7279395431419072e+09,"val_loss":0.10890900816380021,"val_accuracy":0.4517543859649123,"_runtime":3.803484154,"val_recall":0.16666666666666666,"epoch":100,"_wandb":{"runtime":3},"_step":199,"val_precision":0.07529239766081872,"train_loss":0.10792486588177534,"val_f1_score":0.10372608257804632}